version,date,asset,downloads,size
00.05.00,2020-05-10T20:09:58Z,obsidian-0.5.0.asar.gz,96,3305911
00.05.01,2020-05-13T23:39:13Z,obsidian-0.5.1.asar.gz,415,3333033
00.05.02,2020-05-15T19:37:07Z,obsidian-0.5.2.asar.gz,153,4013743
00.05.03,2020-05-15T22:13:35Z,obsidian-0.5.3.asar.gz,586,4015242
00.06.00,2020-05-18T22:02:49Z,obsidian-0.6.0.asar.gz,799,4021171
00.06.01,2020-05-22T23:57:56Z,obsidian-0.6.1.asar.gz,561,4029073
00.06.02,2020-05-23T18:34:45Z,obsidian-0.6.2.asar.gz,1186,4030425
00.06.03,2020-05-25T22:13:12Z,obsidian-0.6.3.asar.gz,337,4112484
00.06.04,2020-05-26T02:15:20Z,Obsidian-0.6.4.AppImage,3084,76799131
00.06.04,2020-05-26T02:15:20Z,Obsidian-0.6.4.dmg,7891,71583869
00.06.04,2020-05-26T02:15:20Z,Obsidian.0.6.4.exe,5179,53594352
00.06.04,2020-05-26T02:15:20Z,obsidian-0.6.4.asar.gz,1731,4112670
00.06.04,2020-05-26T02:15:20Z,obsidian_0.6.4_amd64.snap,1236,64380928
00.06.05,2020-05-29T22:17:51Z,Obsidian-0.6.5.AppImage,1246,76803451
00.06.05,2020-05-29T22:17:51Z,Obsidian-0.6.5.dmg,3863,71600842
00.06.05,2020-05-29T22:17:51Z,Obsidian.0.6.5.exe,2776,53600600
00.06.05,2020-05-29T22:17:51Z,obsidian-0.6.5.asar.gz,4505,4118514
00.06.05,2020-05-29T22:17:51Z,obsidian_0.6.5_amd64.snap,408,64385024
00.06.06,2020-06-01T18:28:11Z,obsidian-0.6.6.asar.gz,100,4124111
00.06.07,2020-06-02T19:11:21Z,Obsidian-0.6.7.AppImage,2510,76811536
00.06.07,2020-06-02T19:11:21Z,Obsidian-0.6.7.dmg,7419,71590866
00.06.07,2020-06-02T19:11:21Z,Obsidian.0.6.7.exe,8837,53563350
00.06.07,2020-06-02T19:11:21Z,obsidian-0.6.7.asar.gz,7491,4124359
00.06.07,2020-06-02T19:11:21Z,obsidian_0.6.7_amd64.snap,1098,64393216
00.07.00,2020-06-09T20:45:43Z,obsidian-0.7.0.asar.gz,155,4142920
00.07.01,2020-06-11T01:17:41Z,obsidian-0.7.1.asar.gz,223,4143178
00.07.02,2020-06-14T04:06:17Z,obsidian-0.7.2.asar.gz,165,4160636
00.07.03,2020-06-14T22:50:10Z,Obsidian-0.7.3.AppImage,2867,76840432
00.07.03,2020-06-14T22:50:10Z,Obsidian-0.7.3.dmg,8600,71633596
00.07.03,2020-06-14T22:50:10Z,Obsidian.0.7.3.exe,9976,53632600
00.07.03,2020-06-14T22:50:10Z,obsidian-0.7.3.asar.gz,14492,4160655
00.07.03,2020-06-14T22:50:10Z,obsidian_0.7.3_amd64.snap,1100,64417792
00.07.04,2020-06-23T20:58:54Z,Obsidian-0.7.4.AppImage,1539,77196940
00.07.04,2020-06-23T20:58:54Z,Obsidian-0.7.4.dmg,3721,72013221
00.07.04,2020-06-23T20:58:54Z,Obsidian.0.7.4.exe,5425,53952760
00.07.04,2020-06-23T20:58:54Z,obsidian-0.7.4.asar.gz,9374,4510098
00.07.04,2020-06-23T20:58:54Z,obsidian_0.7.4_amd64.snap,538,64745472
00.07.05,2020-07-01T09:30:27Z,obsidian-0.7.5.asar.gz,243,4511872
00.07.06,2020-07-03T04:15:53Z,Obsidian-0.7.6.AppImage,2051,77414392
00.07.06,2020-07-03T04:15:53Z,Obsidian-0.7.6.dmg,5628,72196817
00.07.06,2020-07-03T04:15:53Z,Obsidian.0.7.6.exe,7595,54106872
00.07.06,2020-07-03T04:15:53Z,obsidian-0.7.6.asar.gz,13670,4721426
00.07.06,2020-07-03T04:15:53Z,obsidian_0.7.6_amd64.snap,704,64929792
00.08.00,2020-07-14T04:24:48Z,Obsidian-0.8.0.AppImage,2089,77459925
00.08.00,2020-07-14T04:24:48Z,Obsidian-0.8.0.dmg,5055,72253385
00.08.00,2020-07-14T04:24:48Z,Obsidian.0.8.0.exe,7078,54082144
00.08.00,2020-07-14T04:24:48Z,obsidian-0.8.0.asar.gz,12131,4768475
00.08.00,2020-07-14T04:24:48Z,obsidian_0.8.0_amd64.snap,676,64974848
00.08.01,2020-07-21T20:14:50Z,Obsidian-0.8.1.AppImage,1823,77471796
00.08.01,2020-07-21T20:14:50Z,Obsidian-0.8.1.dmg,5076,72256424
00.08.01,2020-07-21T20:14:50Z,Obsidian.0.8.1.exe,7462,54094552
00.08.01,2020-07-21T20:14:50Z,obsidian-0.8.1.asar.gz,10963,4777786
00.08.01,2020-07-21T20:14:50Z,obsidian_0.8.1_amd64.snap,602,64983040
00.08.02,2020-07-30T19:05:08Z,Obsidian-0.8.2.AppImage,3448,77660391
00.08.02,2020-07-30T19:05:08Z,Obsidian-0.8.2.dmg,6212,72444672
00.08.02,2020-07-30T19:05:08Z,Obsidian.0.8.2.exe,9947,54235808
00.08.02,2020-07-30T19:05:08Z,obsidian-0.8.2.asar.gz,11573,4969961
00.08.02,2020-07-30T19:05:08Z,obsidian_0.8.2_amd64.snap,979,65138688
00.08.03,2020-08-11T00:24:52Z,obsidian-0.8.3.asar.gz,497,5042211
00.08.04,2020-08-12T16:52:19Z,Obsidian-0.8.4.AppImage,3686,77733925
00.08.04,2020-08-12T16:52:19Z,Obsidian-0.8.4.dmg,8274,72521708
00.08.04,2020-08-12T16:52:19Z,Obsidian.0.8.4.exe,12674,54286400
00.08.04,2020-08-12T16:52:19Z,obsidian-0.8.4.asar.gz,13828,5037098
00.08.04,2020-08-12T16:52:19Z,obsidian_0.8.4_amd64.snap,1379,65204224
00.08.05,2020-08-22T00:30:26Z,obsidian-0.8.5.asar.gz,596,5097910
00.08.06,2020-08-24T22:15:37Z,obsidian-0.8.6.asar.gz,109,5123031
00.08.07,2020-08-24T23:03:12Z,obsidian-0.8.7.asar.gz,142,5123086
00.08.08,2020-08-25T00:48:33Z,obsidian-0.8.8.asar.gz,808,5123137
00.08.09,2020-08-31T18:37:11Z,Obsidian-0.8.9.AppImage,2003,77832597
00.08.09,2020-08-31T18:37:11Z,Obsidian-0.8.9.dmg,4892,72606782
00.08.09,2020-08-31T18:37:11Z,Obsidian.0.8.9.exe,6480,54347736
00.08.09,2020-08-31T18:37:11Z,obsidian-0.8.9.asar.gz,10609,5123157
00.08.09,2020-08-31T18:37:11Z,obsidian_0.8.9_amd64.snap,671,65290240
00.08.10,2020-08-31T18:37:30Z,obsidian-0.8.10.asar.gz,449,5121938
00.08.11,2020-09-01T20:23:59Z,obsidian-0.8.11.asar.gz,760,5125859
00.08.12,2020-09-07T19:24:14Z,Obsidian-0.8.12.AppImage,1996,81347115
00.08.12,2020-09-07T19:24:14Z,Obsidian-0.8.12.dmg,4569,82989104
00.08.12,2020-09-07T19:24:14Z,Obsidian.0.8.12.exe,5694,58845312
00.08.12,2020-09-07T19:24:14Z,obsidian-0.8.12.asar.gz,11418,5125860
00.08.12,2020-09-07T19:24:14Z,obsidian_0.8.12_amd64.snap,551,68386816
00.08.13,2020-09-07T19:24:33Z,obsidian-0.8.13.asar.gz,671,5139398
00.08.14,2020-09-10T21:39:57Z,Obsidian-0.8.14.AppImage,2092,81359524
00.08.14,2020-09-10T21:39:57Z,Obsidian-0.8.14.dmg,4593,83043984
00.08.14,2020-09-10T21:39:57Z,Obsidian.0.8.14.exe,6129,58858768
00.08.14,2020-09-10T21:39:57Z,obsidian-0.8.14.asar.gz,11780,5139953
00.08.14,2020-09-10T21:39:57Z,obsidian_0.8.14_amd64.snap,672,68399104
00.08.15,2020-09-14T21:26:48Z,Obsidian-0.8.15.AppImage,2086,81376000
00.08.15,2020-09-14T21:26:48Z,Obsidian-0.8.15.dmg,4128,83065579
00.08.15,2020-09-14T21:26:48Z,Obsidian.0.8.15.exe,5098,58872664
00.08.15,2020-09-14T21:26:48Z,obsidian-0.8.15.asar.gz,12314,5161165
00.08.15,2020-09-14T21:26:48Z,obsidian_0.8.15_amd64.snap,834,68419584
00.09.00,2020-09-21T19:52:41Z,obsidian-0.9.0.asar.gz,777,5143577
00.09.01,2020-09-24T19:11:11Z,Obsidian-0.9.1.AppImage,1908,81380156
00.09.01,2020-09-24T19:11:11Z,Obsidian-0.9.1.dmg,4064,83072203
00.09.01,2020-09-24T19:11:11Z,Obsidian.0.9.1.exe,5187,58841592
00.09.01,2020-09-24T19:11:11Z,obsidian-0.9.1.asar.gz,11661,5166490
00.09.01,2020-09-24T19:11:11Z,obsidian-0.9.1.tar.gz,31,77178761
00.09.01,2020-09-24T19:11:11Z,obsidian_0.9.1_amd64.snap,610,68386816
00.09.02,2020-09-30T19:40:54Z,Obsidian-0.9.2.AppImage,2085,81384080
00.09.02,2020-09-30T19:40:54Z,Obsidian-0.9.2.dmg,4076,83072032
00.09.02,2020-09-30T19:40:54Z,Obsidian.0.9.2.exe,5025,58848168
00.09.02,2020-09-30T19:40:54Z,obsidian-0.9.2.asar.gz,11912,5174879
00.09.02,2020-09-30T19:40:54Z,obsidian-0.9.2.tar.gz,51,77186356
00.09.02,2020-09-30T19:40:54Z,obsidian_0.9.2_amd64.snap,604,68395008
00.09.03,2020-10-05T19:57:18Z,Obsidian-0.9.3.AppImage,1950,81429208
00.09.03,2020-10-05T19:57:18Z,Obsidian-0.9.3.dmg,4143,83136253
00.09.03,2020-10-05T19:57:18Z,Obsidian.0.9.3.exe,5406,58857968
00.09.03,2020-10-05T19:57:18Z,obsidian-0.9.3.asar.gz,13574,5227190
00.09.03,2020-10-05T19:57:18Z,obsidian-0.9.3.tar.gz,51,77243167
00.09.03,2020-10-05T19:57:18Z,obsidian_0.9.3_amd64.snap,640,68407296
00.09.04,2020-10-13T14:29:14Z,Obsidian-0.9.4.AppImage,2056,81449787
00.09.04,2020-10-13T14:29:14Z,Obsidian-0.9.4.dmg,4913,83144276
00.09.04,2020-10-13T14:29:14Z,Obsidian.0.9.4.exe,6290,58866168
00.09.04,2020-10-13T14:29:14Z,obsidian-0.9.4.asar.gz,12298,5239176
00.09.04,2020-10-13T14:29:14Z,obsidian-0.9.4.tar.gz,52,77254354
00.09.04,2020-10-13T14:29:14Z,obsidian_0.9.4_amd64.snap,602,68440064
00.09.05,2020-10-19T16:53:24Z,obsidian-0.9.5.asar.gz,647,5241916
00.09.06,2020-10-20T15:23:39Z,Obsidian-0.9.6.AppImage,2575,81474176
00.09.06,2020-10-20T15:23:39Z,Obsidian-0.9.6.dmg,7021,83172748
00.09.06,2020-10-20T15:23:39Z,Obsidian.0.9.6.exe,8673,58890544
00.09.06,2020-10-20T15:23:39Z,obsidian-0.9.6.asar.gz,14025,5260536
00.09.06,2020-10-20T15:23:39Z,obsidian-0.9.6.tar.gz,28,77275023
00.09.06,2020-10-20T15:23:39Z,obsidian_0.9.6_amd64.snap,744,68472832
00.09.07,2020-10-26T18:09:09Z,obsidian-0.9.7.asar.gz,930,5307241
00.09.08,2020-10-29T23:33:18Z,obsidian-0.9.8.asar.gz,280,5310986
00.09.09,2020-10-30T02:18:42Z,obsidian-0.9.9.asar.gz,698,5310946
00.09.10,2020-10-31T01:54:41Z,Obsidian-0.9.10.AppImage,1997,81555946
00.09.10,2020-10-31T01:54:41Z,Obsidian-0.9.10.dmg,4771,83241926
00.09.10,2020-10-31T01:54:41Z,Obsidian.0.9.10.exe,7724,58924064
00.09.10,2020-10-31T01:54:41Z,obsidian-0.9.10.asar.gz,13889,5318867
00.09.10,2020-10-31T01:54:41Z,obsidian-0.9.10.tar.gz,28,77332548
00.09.10,2020-10-31T01:54:41Z,obsidian_0.9.10_amd64.snap,552,68534272
00.09.11,2020-11-03T23:29:15Z,Obsidian-0.9.11.AppImage,2184,81560463
00.09.11,2020-11-03T23:29:15Z,Obsidian-0.9.11.dmg,6075,83260699
00.09.11,2020-11-03T23:29:15Z,Obsidian.0.9.11.exe,7828,58927144
00.09.11,2020-11-03T23:29:15Z,obsidian-0.9.11.asar.gz,15300,5322855
00.09.11,2020-11-03T23:29:15Z,obsidian-0.9.11.tar.gz,43,77336069
00.09.11,2020-11-03T23:29:15Z,obsidian_0.9.11_amd64.snap,616,68538368
00.09.12,2020-11-10T21:17:33Z,obsidian-0.9.12.asar.gz,970,5337141
00.09.13,2020-11-13T01:07:51Z,obsidian-0.9.13.asar.gz,706,5338721
00.09.14,2020-11-13T22:28Z,obsidian-0.9.14.asar.gz,1431,5344742
00.09.15,2020-11-18T01:19:23Z,Obsidian-0.9.15.AppImage,2125,81580896
00.09.15,2020-11-18T01:19:23Z,Obsidian-0.9.15.dmg,5649,83269112
00.09.15,2020-11-18T01:19:23Z,Obsidian.0.9.15.exe,6894,58948480
00.09.15,2020-11-18T01:19:23Z,obsidian-0.9.15.asar.gz,13891,5346806
00.09.15,2020-11-18T01:19:23Z,obsidian-0.9.15.tar.gz,44,77358125
00.09.15,2020-11-18T01:19:23Z,obsidian_0.9.15_amd64.snap,619,68550656
00.09.16,2020-11-20T00:23:55Z,obsidian-0.9.16.asar.gz,735,5424634
00.09.17,2020-11-21T09:02Z,Obsidian-0.9.17-arm64.AppImage,2122,88272461
00.09.17,2020-11-21T09:02Z,Obsidian-0.9.17-arm64.dmg,217,86485664
00.09.17,2020-11-21T09:02Z,Obsidian-0.9.17.AppImage,4164,83110761
00.09.17,2020-11-21T09:02Z,Obsidian-0.9.17.dmg,9110,85676632
00.09.17,2020-11-21T09:02Z,Obsidian.0.9.17-32.exe,3139,57579728
00.09.17,2020-11-21T09:02Z,Obsidian.0.9.17-arm64.exe,1928,65097664
00.09.17,2020-11-21T09:02Z,Obsidian.0.9.17.exe,13836,60546392
00.09.17,2020-11-21T09:02Z,obsidian-0.9.17-arm64.tar.gz,1742,83638038
00.09.17,2020-11-21T09:02Z,obsidian-0.9.17.asar.gz,19551,5425229
00.09.17,2020-11-21T09:02Z,obsidian-0.9.17.tar.gz,60,78885934
00.09.17,2020-11-21T09:02Z,obsidian_0.9.17_amd64.snap,1232,70406144
00.09.18,2020-11-26T00:31:05Z,obsidian-0.9.18.asar.gz,674,5497243
00.09.19,2020-11-26T23:08:31Z,obsidian-0.9.19.asar.gz,1301,5499683
00.09.20,2020-12-02T23:35:31Z,Obsidian-0.9.20-arm64.dmg,164,86570233
00.09.20,2020-12-02T23:35:31Z,Obsidian-0.9.20.AppImage,1945,83184616
00.09.20,2020-12-02T23:35:31Z,Obsidian-0.9.20.dmg,4756,85700860
00.09.20,2020-12-02T23:35:31Z,Obsidian.0.9.20.exe,6165,60603976
00.09.20,2020-12-02T23:35:31Z,obsidian-0.9.20.asar.gz,13977,5502482
00.09.20,2020-12-02T23:35:31Z,obsidian-0.9.20.tar.gz,38,78959413
00.09.20,2020-12-02T23:35:31Z,obsidian_0.9.20_amd64.deb,13001,58711954
00.09.20,2020-12-02T23:35:31Z,obsidian_0.9.20_amd64.snap,537,70467584
00.09.21,2020-12-08T03:16:27Z,obsidian-0.9.21.asar.gz,466,5521591
00.09.22,2020-12-08T12:17:28Z,Obsidian-0.9.22-arm64.dmg,150,86203452
00.09.22,2020-12-08T12:17:28Z,Obsidian-0.9.22.AppImage,2182,82825987
00.09.22,2020-12-08T12:17:28Z,Obsidian-0.9.22.dmg,5186,85263197
00.09.22,2020-12-08T12:17:28Z,Obsidian.0.9.22.exe,7323,60528784
00.09.22,2020-12-08T12:17:28Z,obsidian-0.9.22.asar.gz,15528,5521625
00.09.22,2020-12-08T12:17:28Z,obsidian-0.9.22.tar.gz,30,78631110
00.09.22,2020-12-08T12:17:28Z,obsidian_0.9.22_amd64.snap,522,70144000
00.10.00,2020-12-14T14:01:30Z,obsidian-0.10.0.asar.gz,1001,5530923
00.10.01,2020-12-16T21:24:38Z,Obsidian-0.10.1-arm64.dmg,315,86187001
00.10.01,2020-12-16T21:24:38Z,Obsidian-0.10.1.AppImage,3799,82834301
00.10.01,2020-12-16T21:24:38Z,Obsidian-0.10.1.dmg,9898,85307129
00.10.01,2020-12-16T21:24:38Z,Obsidian.0.10.1.exe,12703,60542560
00.10.01,2020-12-16T21:24:38Z,obsidian-0.10.1.asar.gz,22670,5534974
00.10.01,2020-12-16T21:24:38Z,obsidian-0.10.1.tar.gz,38,78648735
00.10.01,2020-12-16T21:24:38Z,obsidian_0.10.1_amd64.snap,1259,70148096
00.10.02,2020-12-21T17:46:43Z,obsidian-0.10.2.asar.gz,1371,5539687
00.10.03,2020-12-29T18:48:32Z,obsidian-0.10.3.asar.gz,724,5543850
00.10.04,2020-12-30T18:54:03Z,obsidian-0.10.4.asar.gz,730,5543489
00.10.05,2021-01-01T02:14:02Z,obsidian-0.10.5.asar.gz,1360,5548434
00.10.06,2021-01-04T23:46:50Z,Obsidian-0.10.6-arm64.dmg,169,86217369
00.10.06,2021-01-04T23:46:50Z,Obsidian-0.10.6.AppImage,2442,82850989
00.10.06,2021-01-04T23:46:50Z,Obsidian-0.10.6.dmg,5942,85320943
00.10.06,2021-01-04T23:46:50Z,Obsidian.0.10.6.exe,8037,60555768
00.10.06,2021-01-04T23:46:50Z,obsidian-0.10.6.asar.gz,14784,5548588
00.10.06,2021-01-04T23:46:50Z,obsidian-0.10.6.tar.gz,23,78659417
00.10.06,2021-01-04T23:46:50Z,obsidian_0.10.6_amd64.snap,667,70164480
00.10.07,2021-01-07T19:58:38Z,Obsidian-0.10.7-arm64.dmg,211,86217967
00.10.07,2021-01-07T19:58:38Z,Obsidian-0.10.7.AppImage,3202,82850705
00.10.07,2021-01-07T19:58:38Z,Obsidian-0.10.7.dmg,7657,85318989
00.10.07,2021-01-07T19:58:38Z,Obsidian.0.10.7.exe,11039,60556544
00.10.07,2021-01-07T19:58:38Z,obsidian-0.10.7.asar.gz,16841,5551429
00.10.07,2021-01-07T19:58:38Z,obsidian-0.10.7.tar.gz,36,78661109
00.10.07,2021-01-07T19:58:38Z,obsidian_0.10.7_amd64.snap,885,70164480
00.10.08,2021-01-12T00:07:48Z,Obsidian-0.10.8.AppImage,2115,82821733
00.10.08,2021-01-12T00:07:48Z,Obsidian-0.10.8.dmg,5613,154877426
00.10.08,2021-01-12T00:07:48Z,Obsidian.0.10.8.exe,6716,60518304
00.10.08,2021-01-12T00:07:48Z,obsidian-0.10.8.asar.gz,15372,5516393
00.10.08,2021-01-12T00:07:48Z,obsidian-0.10.8.tar.gz,26,78629966
00.10.08,2021-01-12T00:07:48Z,obsidian_0.10.8_amd64.snap,563,70135808
00.10.09,2021-01-19T19:31:40Z,Obsidian-0.10.9-universal.dmg,2907,157607471
00.10.09,2021-01-19T19:31:40Z,Obsidian-0.10.9.AppImage,1311,85531787
00.10.09,2021-01-19T19:31:40Z,Obsidian.0.10.9.exe,4364,62553840
00.10.09,2021-01-19T19:31:40Z,obsidian-0.10.9.asar.gz,11074,8222178
00.10.09,2021-01-19T19:31:40Z,obsidian-0.10.9.tar.gz,27,81320384
00.10.09,2021-01-19T19:31:40Z,obsidian_0.10.9_amd64.snap,330,72822784
00.10.10,2021-01-25T15:38:37Z,obsidian-0.10.10.asar.gz,1121,8308898
00.10.11,2021-01-28T16:54:58Z,Obsidian-0.10.11-universal.dmg,9548,157754496
00.10.11,2021-01-28T16:54:58Z,Obsidian-0.10.11.AppImage,4369,85774333
00.10.11,2021-01-28T16:54:58Z,Obsidian.0.10.11.exe,12421,62664056
00.10.11,2021-01-28T16:54:58Z,obsidian-0.10.11.asar.gz,20526,8308946
00.10.11,2021-01-28T16:54:58Z,obsidian-0.10.11.tar.gz,45,81516961
00.10.11,2021-01-28T16:54:58Z,obsidian_0.10.11_amd64.snap,1330,73011200
00.10.12,2021-02-01T16:21:23Z,obsidian-0.10.12.asar.gz,1327,8399994
00.10.13,2021-02-06T01:41:56Z,Obsidian-0.10.13-universal.dmg,7016,157921584
00.10.13,2021-02-06T01:41:56Z,Obsidian-0.10.13.AppImage,3354,85872572
00.10.13,2021-02-06T01:41:56Z,Obsidian.0.10.13.exe,9561,62760872
00.10.13,2021-02-06T01:41:56Z,obsidian-0.10.13.asar.gz,17175,8400883
00.10.13,2021-02-06T01:41:56Z,obsidian-0.10.13.tar.gz,40,81622364
00.10.13,2021-02-06T01:41:56Z,obsidian_0.10.13_amd64.snap,1106,73117696
00.11.00,2021-02-09T21:56:05Z,Obsidian-0.11.0-universal.dmg,13162,158057666
00.11.00,2021-02-09T21:56:05Z,Obsidian-0.11.0.AppImage,5556,85975813
00.11.00,2021-02-09T21:56:05Z,Obsidian.0.11.0.exe,20746,62827792
00.11.00,2021-02-09T21:56:05Z,obsidian-0.11.0.asar.gz,27180,8507329
00.11.00,2021-02-09T21:56:05Z,obsidian-0.11.0.tar.gz,90,81727215
00.11.00,2021-02-09T21:56:05Z,obsidian_0.11.0_amd64.snap,1896,73203712
00.11.01,2021-02-16T19:04:06Z,obsidian-0.11.1.asar.gz,1015,8526841
00.11.02,2021-02-18T18:51:45Z,obsidian-0.11.2.asar.gz,1139,8522030
00.11.03,2021-02-20T21:42:21Z,Obsidian-0.11.3-universal.dmg,8238,158031038
00.11.03,2021-02-20T21:42:21Z,Obsidian-0.11.3.AppImage,3557,86000228
00.11.03,2021-02-20T21:42:21Z,Obsidian.0.11.3.exe,12561,62826160
00.11.03,2021-02-20T21:42:21Z,obsidian-0.11.3.asar.gz,25441,8522226
00.11.03,2021-02-20T21:42:21Z,obsidian-0.11.3.tar.gz,58,81750810
00.11.03,2021-02-20T21:42:21Z,obsidian_0.11.3_amd64.snap,1062,73220096
00.11.04,2021-02-26T22:04:18Z,obsidian-0.11.4.asar.gz,1646,7747248
00.11.05,2021-03-02T23:57:45Z,Obsidian-0.11.5-universal.dmg,14328,157253035
00.11.05,2021-03-02T23:57:45Z,Obsidian-0.11.5.AppImage,6707,85229580
00.11.05,2021-03-02T23:57:45Z,Obsidian.0.11.5.exe,25783,62388952
00.11.05,2021-03-02T23:57:45Z,obsidian-0.11.5.asar.gz,35486,7755311
00.11.05,2021-03-02T23:57:45Z,obsidian-0.11.5.tar.gz,173,81069223
00.11.05,2021-03-02T23:57:45Z,obsidian_0.11.5_amd64.snap,2065,72769536
00.11.06,2021-03-10T01:13:45Z,obsidian-0.11.6.asar.gz,1879,7765671
00.11.07,2021-03-15T00:56:04Z,obsidian-0.11.7.asar.gz,2262,7824216
00.11.08,2021-03-21T07:52:08Z,obsidian-0.11.8.asar.gz,386,7839999
00.11.09,2021-03-21T10:13:15Z,Obsidian-0.11.9-universal.dmg,9858,157370610
00.11.09,2021-03-21T10:13:15Z,Obsidian-0.11.9.AppImage,5304,85319711
00.11.09,2021-03-21T10:13:15Z,Obsidian.0.11.9.exe,14373,62413656
00.11.09,2021-03-21T10:13:15Z,obsidian-0.11.9.asar.gz,26667,7840011
00.11.09,2021-03-21T10:13:15Z,obsidian-0.11.9.tar.gz,908,81149038
00.11.09,2021-03-21T10:13:15Z,obsidian_0.11.9_amd64.snap,1603,72830976
00.11.10,2021-03-26T20:51Z,obsidian-0.11.10.asar.gz,2194,7833417
00.11.11,2021-04-01T19:22:57Z,obsidian-0.11.11.asar.gz,119,9177377
00.11.12,2021-04-01T19:52:35Z,obsidian-0.11.12.asar.gz,2100,9177371
00.11.13,2021-04-04T17:02:05Z,Obsidian-0.11.13-universal.dmg,29010,158685881
00.11.13,2021-04-04T17:02:05Z,Obsidian-0.11.13.AppImage,13514,86680468
00.11.13,2021-04-04T17:02:05Z,Obsidian.0.11.13.exe,44891,64079488
00.11.13,2021-04-04T17:02:05Z,obsidian-0.11.13.asar.gz,51335,9195352
00.11.13,2021-04-04T17:02:05Z,obsidian-0.11.13.tar.gz,1512,82495769
00.11.13,2021-04-04T17:02:05Z,obsidian_0.11.13_amd64.snap,5130,74182656
00.12.00,2021-04-19T17:13:54Z,obsidian-0.12.0.asar.gz,1242,9325460
00.12.01,2021-04-21T00:18:07Z,obsidian-0.12.1.asar.gz,3185,9326309
00.12.02,2021-05-03T22:01:45Z,obsidian-0.12.2.asar.gz,2509,9362224
00.12.03,2021-05-10T20:35:19Z,Obsidian-0.12.3-universal.dmg,25886,162544615
00.12.03,2021-05-10T20:35:19Z,Obsidian-0.12.3.AppImage,12158,90137401
00.12.03,2021-05-10T20:35:19Z,Obsidian.0.12.3.exe,41363,67071800
00.12.03,2021-05-10T20:35:19Z,obsidian-0.12.3.asar.gz,52019,9362817
00.12.03,2021-05-10T20:35:19Z,obsidian-0.12.3.tar.gz,3065,85843429
00.12.03,2021-05-10T20:35:19Z,obsidian_0.12.3_amd64.snap,4017,77516800
00.12.04,2021-05-25T17:08:53Z,Obsidian-0.12.4-universal.dmg,10824,163533629
00.12.04,2021-05-25T17:08:53Z,Obsidian-0.12.4.AppImage,5819,91064160
00.12.04,2021-05-25T17:08:53Z,Obsidian.0.12.4.exe,19963,67966640
00.12.04,2021-05-25T17:08:53Z,obsidian-0.12.4.asar.gz,36850,10283316
00.12.04,2021-05-25T17:08:53Z,obsidian-0.12.4.tar.gz,1248,86757581
00.12.04,2021-05-25T17:08:53Z,obsidian_0.12.4_amd64.snap,1845,78434304
00.12.05,2021-06-07T19:39:53Z,Obsidian-0.12.5-universal.dmg,15669,163478460
00.12.05,2021-06-07T19:39:53Z,Obsidian-0.12.5.AppImage,7640,91039614
00.12.05,2021-06-07T19:39:53Z,Obsidian.0.12.5.exe,24655,67952528
00.12.05,2021-06-07T19:39:53Z,obsidian-0.12.5.asar.gz,48165,10256256
00.12.05,2021-06-07T19:39:53Z,obsidian-0.12.5.tar.gz,1307,86732673
00.12.05,2021-06-07T19:39:53Z,obsidian_0.12.5_amd64.snap,2553,78409728
00.12.06,2021-06-21T19:26:29Z,obsidian-0.12.6.asar.gz,1701,10265710
00.12.07,2021-06-23T19:11:41Z,obsidian-0.12.7.asar.gz,2362,10266861
00.12.08,2021-06-28T16:11:55Z,obsidian-0.12.8.asar.gz,1898,10270259
00.12.09,2021-07-01T01:02:20Z,obsidian-0.12.9.asar.gz,2895,11321126
00.12.10,2021-07-07T22:40:16Z,Obsidian-0.12.10-universal.dmg,29931,164534300
00.12.10,2021-07-07T22:40:16Z,Obsidian-0.12.10.AppImage,10712,92118335
00.12.10,2021-07-07T22:40:16Z,Obsidian.0.12.10.exe,43392,68811520
00.12.10,2021-07-07T22:40:16Z,obsidian-0.12.10.asar.gz,54780,11327570
00.12.10,2021-07-07T22:40:16Z,obsidian-0.12.10.tar.gz,3230,87792490
00.12.10,2021-07-07T22:40:16Z,obsidian_0.12.10_amd64.snap,3977,79441920
00.12.11,2021-07-19T21:19:26Z,obsidian-0.12.11.asar.gz,2567,11385071
00.12.12,2021-07-26T18:32:01Z,Obsidian-0.12.12-universal.dmg,42752,164601431
00.12.12,2021-07-26T18:32:01Z,Obsidian-0.12.12.AppImage,14192,92187777
00.12.12,2021-07-26T18:32:01Z,Obsidian.0.12.12.exe,69246,68862424
00.12.12,2021-07-26T18:32:01Z,obsidian-0.12.12.asar.gz,69933,11387503
00.12.12,2021-07-26T18:32:01Z,obsidian-0.12.12.tar.gz,2044,87848410
00.12.12,2021-07-26T18:32:01Z,obsidian_0.12.12_amd64.snap,5769,79499264
00.12.13,2021-08-03T19:01:15Z,obsidian-0.12.13.asar.gz,3663,11389550
00.12.14,2021-08-23T15:51:37Z,obsidian-0.12.14.asar.gz,2667,11389964
00.12.15,2021-08-29T16:43:45Z,Obsidian-0.12.15-arm64.AppImage,2355,98249164
00.12.15,2021-08-29T16:43:45Z,Obsidian-0.12.15-universal.dmg,58144,164616209
00.12.15,2021-08-29T16:43:45Z,Obsidian-0.12.15.AppImage,24107,92187857
00.12.15,2021-08-29T16:43:45Z,Obsidian.0.12.15-32.exe,4588,65829264
00.12.15,2021-08-29T16:43:45Z,Obsidian.0.12.15-arm64.exe,3685,72021584
00.12.15,2021-08-29T16:43:45Z,Obsidian.0.12.15.exe,108164,68878936
00.12.15,2021-08-29T16:43:45Z,obsidian-0.12.15-arm64.tar.gz,2148,93442851
00.12.15,2021-08-29T16:43:45Z,obsidian-0.12.15.asar.gz,91898,11390253
00.12.15,2021-08-29T16:43:45Z,obsidian-0.12.15.tar.gz,5274,87854912
00.12.15,2021-08-29T16:43:45Z,obsidian_0.12.15_amd64.deb,17797,63627728
00.12.15,2021-08-29T16:43:45Z,obsidian_0.12.15_amd64.snap,9598,79499264
00.12.17,2021-10-18T19:00:49Z,obsidian-0.12.17.asar.gz,31,11546909
00.12.18,2021-10-18T19:01:17Z,obsidian-0.12.18.asar.gz,20,11546765
00.12.19,2021-10-18T19:01:27Z,Obsidian-0.12.19-universal.dmg,98871,163168823
00.12.19,2021-10-18T19:01:27Z,Obsidian-0.12.19.AppImage,37622,90398700
00.12.19,2021-10-18T19:01:27Z,Obsidian.0.12.19.exe,168485,68987592
00.12.19,2021-10-18T19:01:27Z,obsidian-0.12.19.asar.gz,106146,11547650
00.12.19,2021-10-18T19:01:27Z,obsidian-0.12.19.tar.gz,8424,86065354
00.12.19,2021-10-18T19:01:27Z,obsidian_0.12.19_amd64.snap,13707,78573568
00.13.14,2021-12-21T17:55:55Z,Obsidian-0.13.14-universal.dmg,28450,163868458
00.13.14,2021-12-21T17:55:55Z,Obsidian-0.13.14.AppImage,9573,90751229
00.13.14,2021-12-21T17:55:55Z,Obsidian.0.13.14.exe,47481,69179752
00.13.14,2021-12-21T17:55:55Z,obsidian-0.13.14.asar.gz,55112,11893966
00.13.14,2021-12-21T17:55:55Z,obsidian-0.13.14.tar.gz,3842,86398769
00.13.14,2021-12-21T17:55:55Z,obsidian_0.13.14_amd64.snap,3184,78893056
00.13.19,2022-01-05T20:18:12Z,Obsidian-0.13.19-universal.dmg,41279,163907545
00.13.19,2022-01-05T20:18:12Z,Obsidian-0.13.19.AppImage,14974,90800704
00.13.19,2022-01-05T20:18:12Z,Obsidian.0.13.19.exe,84465,69148392
00.13.19,2022-01-05T20:18:12Z,obsidian-0.13.19.asar.gz,74953,11943976
00.13.19,2022-01-05T20:18:12Z,obsidian-0.13.19.tar.gz,5481,86447194
00.13.19,2022-01-05T20:18:12Z,obsidian_0.13.19_amd64.snap,5325,78950400
00.13.23,2022-01-27T22:40:19Z,Obsidian-0.13.23-universal.dmg,70891,163907737
00.13.23,2022-01-27T22:40:19Z,Obsidian-0.13.23.AppImage,25262,90800532
00.13.23,2022-01-27T22:40:19Z,Obsidian.0.13.23.exe,123649,69140104
00.13.23,2022-01-27T22:40:19Z,obsidian-0.13.23.asar.gz,101301,11947505
00.13.23,2022-01-27T22:40:19Z,obsidian-0.13.23.tar.gz,5738,86452298
00.13.23,2022-01-27T22:40:19Z,obsidian_0.13.23_amd64.snap,9945,78950400
00.13.24,2022-02-03T17:04:15Z,Obsidian-0.13.24-universal.dmg,269,173121160
00.13.24,2022-02-03T17:04:15Z,Obsidian-0.13.24.AppImage,344,140176786
00.13.24,2022-02-03T17:04:15Z,Obsidian.0.13.24.exe,2378,70744448
00.13.24,2022-02-03T17:04:15Z,obsidian-0.13.24.asar.gz,3745,11947866
00.13.24,2022-02-03T17:04:15Z,obsidian-0.13.24.tar.gz,116,133263832
00.13.24,2022-02-03T17:04:15Z,obsidian_0.13.24_amd64.snap,55,118009856
00.13.30,2022-03-07T15:13:36Z,Obsidian-0.13.30-arm64.AppImage,86,118373776
00.13.30,2022-03-07T15:13:36Z,Obsidian-0.13.30-universal.dmg,4705,173245549
00.13.30,2022-03-07T15:13:36Z,Obsidian-0.13.30.AppImage,1579,112688550
00.13.30,2022-03-07T15:13:36Z,Obsidian.0.13.30-32.exe,271,68743160
00.13.30,2022-03-07T15:13:36Z,Obsidian.0.13.30-arm64.exe,118,76642088
00.13.30,2022-03-07T15:13:36Z,Obsidian.0.13.30.exe,10214,70789928
00.13.30,2022-03-07T15:13:36Z,obsidian-0.13.30-arm64.tar.gz,52,112289955
00.13.30,2022-03-07T15:13:36Z,obsidian-0.13.30.asar.gz,9478,12042766
00.13.30,2022-03-07T15:13:36Z,obsidian-0.13.30.tar.gz,1103,107091185
00.13.30,2022-03-07T15:13:36Z,obsidian_0.13.30_amd64.deb,276,77682066
00.13.30,2022-03-07T15:13:36Z,obsidian_0.13.30_amd64.snap,443,96333824
00.13.31,2022-03-08T23:04:37Z,Obsidian-0.13.31-arm64.AppImage,761,119038715
00.13.31,2022-03-08T23:04:37Z,Obsidian-0.13.31-universal.dmg,42251,166500764
00.13.31,2022-03-08T23:04:37Z,Obsidian-0.13.31.AppImage,14490,113099362
00.13.31,2022-03-08T23:04:37Z,Obsidian.0.13.31-32.exe,1628,69582520
00.13.31,2022-03-08T23:04:37Z,Obsidian.0.13.31-arm64.exe,1144,77714120
00.13.31,2022-03-08T23:04:37Z,Obsidian.0.13.31.exe,76233,72996560
00.13.31,2022-03-08T23:04:37Z,obsidian-0.13.31-arm64.tar.gz,627,113039713
00.13.31,2022-03-08T23:04:37Z,obsidian-0.13.31.asar.gz,19765,12043268
00.13.31,2022-03-08T23:04:37Z,obsidian-0.13.31.tar.gz,132,107604339
00.13.31,2022-03-08T23:04:37Z,obsidian_0.13.31_amd64.deb,6195,77887350
00.13.31,2022-03-08T23:04:37Z,obsidian_0.13.31_amd64.snap,5208,96698368
00.13.33,2022-03-11T19:02:01Z,obsidian-0.13.33.asar.gz,86189,12043312
00.14.02,2022-03-28T15:11:28Z,Obsidian-0.14.2-universal.dmg,34869,166488659
00.14.02,2022-03-28T15:11:28Z,Obsidian-0.14.2.AppImage,13188,113102774
00.14.02,2022-03-28T15:11:28Z,Obsidian.0.14.2.exe,65371,72986232
00.14.02,2022-03-28T15:11:28Z,obsidian-0.14.2.asar.gz,57807,12048988
00.14.02,2022-03-28T15:11:28Z,obsidian-0.14.2.tar.gz,248,107611534
00.14.02,2022-03-28T15:11:28Z,obsidian_0.14.2_amd64.snap,4333,96624640
00.14.05,2022-04-11T14:10:40Z,Obsidian-0.14.5-arm64.AppImage,121,95797141
00.14.05,2022-04-11T14:10:40Z,Obsidian-0.14.5-universal.dmg,16292,160757665
00.14.05,2022-04-11T14:10:40Z,Obsidian-0.14.5.AppImage,6090,89552361
00.14.05,2022-04-11T14:10:40Z,Obsidian.0.14.5-32.exe,1323,64109104
00.14.05,2022-04-11T14:10:40Z,Obsidian.0.14.5-arm64.exe,1106,72280640
00.14.05,2022-04-11T14:10:40Z,Obsidian.0.14.5.exe,29510,67454048
00.14.05,2022-04-11T14:10:40Z,obsidian-0.14.5.asar.gz,36805,5287918
00.14.05,2022-04-11T14:10:40Z,obsidian-0.14.5.tar.gz,122,85023691
00.14.05,2022-04-11T14:10:40Z,obsidian_0.14.5_amd64.deb,195,63320846
00.14.05,2022-04-11T14:10:40Z,obsidian_0.14.5_amd64.snap,1957,76836864
00.14.06,2022-04-18T19:30:01Z,Obsidian-0.14.6-arm64.AppImage,1467,95809129
00.14.06,2022-04-18T19:30:01Z,Obsidian-0.14.6-universal.dmg,94048,160755998
00.14.06,2022-04-18T19:30:01Z,Obsidian-0.14.6.AppImage,34228,89584783
00.14.06,2022-04-18T19:30:01Z,Obsidian.0.14.6-32.exe,2869,64114888
00.14.06,2022-04-18T19:30:01Z,Obsidian.0.14.6-arm64.exe,2729,72304432
00.14.06,2022-04-18T19:30:01Z,Obsidian.0.14.6.exe,178931,67466440
00.14.06,2022-04-18T19:30:01Z,obsidian-0.14.6.asar.gz,127489,5291318
00.14.06,2022-04-18T19:30:01Z,obsidian-0.14.6.tar.gz,2122,85045346
00.14.06,2022-04-18T19:30:01Z,obsidian_0.14.6_amd64.deb,8917,63340914
00.14.06,2022-04-18T19:30:01Z,obsidian_0.14.6_amd64.snap,14503,76881920
00.14.15,2022-06-07T14:14:04Z,Obsidian-0.14.15-arm64.AppImage,1263,96019174
00.14.15,2022-06-07T14:14:04Z,Obsidian-0.14.15-universal.dmg,63540,160990086
00.14.15,2022-06-07T14:14:04Z,Obsidian-0.14.15.AppImage,21521,89797885
00.14.15,2022-06-07T14:14:04Z,Obsidian.0.14.15-32.exe,2318,64219656
00.14.15,2022-06-07T14:14:04Z,Obsidian.0.14.15-arm64.exe,2197,72397992
00.14.15,2022-06-07T14:14:04Z,Obsidian.0.14.15.exe,125792,67550032
00.14.15,2022-06-07T14:14:04Z,obsidian-0.14.15.asar.gz,112825,5370314
00.14.15,2022-06-07T14:14:04Z,obsidian-0.14.15.tar.gz,1231,85246984
00.14.15,2022-06-07T14:14:04Z,obsidian_0.14.15_amd64.deb,7163,63437704
00.14.15,2022-06-07T14:14:04Z,obsidian_0.14.15_amd64.snap,8610,77025280
00.15.06,2022-07-12T18:02:49Z,Obsidian-0.15.6-arm64.AppImage,407,96301842
00.15.06,2022-07-12T18:02:49Z,Obsidian-0.15.6-universal.dmg,24132,161264933
00.15.06,2022-07-12T18:02:49Z,Obsidian-0.15.6.AppImage,8451,90051541
00.15.06,2022-07-12T18:02:49Z,Obsidian.0.15.6-32.exe,1459,64329248
00.15.06,2022-07-12T18:02:49Z,Obsidian.0.15.6-arm64.exe,1125,72500808
00.15.06,2022-07-12T18:02:49Z,Obsidian.0.15.6.exe,45812,67662568
00.15.06,2022-07-12T18:02:49Z,obsidian-0.15.6.asar.gz,51969,5609293
00.15.06,2022-07-12T18:02:49Z,obsidian-0.15.6.tar.gz,155,85478231
00.15.06,2022-07-12T18:02:49Z,obsidian_0.15.6_amd64.deb,2014,63486316
00.15.06,2022-07-12T18:02:49Z,obsidian_0.15.6_amd64.snap,2802,77238272
00.15.08,2022-07-22T20:34:51Z,Obsidian-0.15.8-arm64.AppImage,318,96334554
00.15.08,2022-07-22T20:34:51Z,Obsidian-0.15.8-universal.dmg,23362,161276069
00.15.08,2022-07-22T20:34:51Z,Obsidian-0.15.8.AppImage,4013,90084185
00.15.08,2022-07-22T20:34:51Z,Obsidian.0.15.8-32.exe,656,64348144
00.15.08,2022-07-22T20:34:51Z,Obsidian.0.15.8-arm64.exe,547,72519472
00.15.08,2022-07-22T20:34:51Z,Obsidian.0.15.8.exe,38926,67681552
00.15.08,2022-07-22T20:34:51Z,obsidian-0.15.8.asar.gz,24990,5639539
00.15.08,2022-07-22T20:34:51Z,obsidian-0.15.8.tar.gz,154,85506816
00.15.08,2022-07-22T20:34:51Z,obsidian_0.15.8_amd64.deb,1455,63501570
00.15.08,2022-07-22T20:34:51Z,obsidian_0.15.8_amd64.snap,1804,77275136
00.15.09,2022-07-26T18:42:08Z,Obsidian-0.15.9-arm64.AppImage,3277,96338858
00.15.09,2022-07-26T18:42:08Z,Obsidian-0.15.9-universal.dmg,283326,161280857
00.15.09,2022-07-26T18:42:08Z,Obsidian-0.15.9.AppImage,62405,90088579
00.15.09,2022-07-26T18:42:08Z,Obsidian.0.15.9-32.exe,4816,64348264
00.15.09,2022-07-26T18:42:08Z,Obsidian.0.15.9-arm64.exe,6450,72519720
00.15.09,2022-07-26T18:42:08Z,Obsidian.0.15.9.exe,469717,67681704
00.15.09,2022-07-26T18:42:08Z,obsidian-0.15.9-arm64.tar.gz,357,91274071
00.15.09,2022-07-26T18:42:08Z,obsidian-0.15.9.asar.gz,213621,5641851
00.15.09,2022-07-26T18:42:08Z,obsidian-0.15.9.tar.gz,4115,85508508
00.15.09,2022-07-26T18:42:08Z,obsidian_0.15.9_amd64.deb,19868,63494036
00.15.09,2022-07-26T18:42:08Z,obsidian_0.15.9_amd64.snap,27605,77275136
01.00.00,2022-10-13T12:44:50Z,Obsidian-1.0.0-arm64.AppImage,940,96330602
01.00.00,2022-10-13T12:44:50Z,Obsidian-1.0.0-universal.dmg,79252,161247049
01.00.00,2022-10-13T12:44:50Z,Obsidian-1.0.0.AppImage,20005,90080316
01.00.00,2022-10-13T12:44:50Z,Obsidian.1.0.0-32.exe,1641,64343368
01.00.00,2022-10-13T12:44:50Z,Obsidian.1.0.0-arm64.exe,1833,72514792
01.00.00,2022-10-13T12:44:50Z,Obsidian.1.0.0.exe,142781,67676840
01.00.00,2022-10-13T12:44:50Z,obsidian-1.0.0-arm64.tar.gz,127,91273887
01.00.00,2022-10-13T12:44:50Z,obsidian-1.0.0.asar.gz,109537,5637590
01.00.00,2022-10-13T12:44:50Z,obsidian-1.0.0.tar.gz,1083,85505605
01.00.00,2022-10-13T12:44:50Z,obsidian_1.0.0_amd64.deb,7158,63516048
01.00.00,2022-10-13T12:44:50Z,obsidian_1.0.0_amd64.snap,8935,98070528
01.00.03,2022-10-26T15:10:05Z,Obsidian-1.0.3-arm64.AppImage,2334,96334515
01.00.03,2022-10-26T15:10:05Z,Obsidian-1.0.3-universal.dmg,181969,161248537
01.00.03,2022-10-26T15:10:05Z,Obsidian-1.0.3.AppImage,51229,90080092
01.00.03,2022-10-26T15:10:05Z,Obsidian.1.0.3-32.exe,8606,64344048
01.00.03,2022-10-26T15:10:05Z,Obsidian.1.0.3-arm64.exe,5851,72515368
01.00.03,2022-10-26T15:10:05Z,Obsidian.1.0.3.exe,350135,67677656
01.00.03,2022-10-26T15:10:05Z,obsidian-1.0.3-arm64.tar.gz,196,91275157
01.00.03,2022-10-26T15:10:05Z,obsidian-1.0.3.asar.gz,249555,5638132
01.00.03,2022-10-26T15:10:05Z,obsidian-1.0.3.tar.gz,6937,85507238
01.00.03,2022-10-26T15:10:05Z,obsidian_1.0.3_amd64.deb,17233,63516828
01.00.03,2022-10-26T15:10:05Z,obsidian_1.0.3_amd64.snap,25474,98070528
01.01.08,2022-12-20T14:44:50Z,Obsidian-1.1.8-arm64.AppImage,238,96461241
01.01.08,2022-12-20T14:44:50Z,Obsidian-1.1.8-universal.dmg,19974,161436270
01.01.08,2022-12-20T14:44:50Z,Obsidian-1.1.8.AppImage,4752,90206883
01.01.08,2022-12-20T14:44:50Z,Obsidian.1.1.8-32.exe,1032,64412272
01.01.08,2022-12-20T14:44:50Z,Obsidian.1.1.8-arm64.exe,2625,72600728
01.01.08,2022-12-20T14:44:50Z,Obsidian.1.1.8.exe,33047,67746312
01.01.08,2022-12-20T14:44:50Z,obsidian-1.1.8-arm64.tar.gz,47,91395770
01.01.08,2022-12-20T14:44:50Z,obsidian-1.1.8.asar.gz,44449,5753499
01.01.08,2022-12-20T14:44:50Z,obsidian-1.1.8.tar.gz,115,85628572
01.01.08,2022-12-20T14:44:50Z,obsidian_1.1.8_amd64.deb,1369,63580880
01.01.08,2022-12-20T14:44:50Z,obsidian_1.1.8_amd64.snap,1951,98217984
01.01.08-E21,2022-12-21T01:04:32Z,Obsidian-1.1.8-arm64.AppImage,53,99055772
01.01.08-E21,2022-12-21T01:04:32Z,Obsidian-1.1.8-universal.dmg,161,162429019
01.01.08-E21,2022-12-21T01:04:32Z,Obsidian-1.1.8.AppImage,1896,98185986
01.01.08-E21,2022-12-21T01:04:32Z,Obsidian.1.1.8-32.exe,113,68626952
01.01.08-E21,2022-12-21T01:04:32Z,Obsidian.1.1.8-arm64.exe,54,72523280
01.01.08-E21,2022-12-21T01:04:32Z,Obsidian.1.1.8.exe,249,72690696
01.01.08-E21,2022-12-21T01:04:32Z,obsidian-1.1.8-arm64.tar.gz,31,93663010
01.01.08-E21,2022-12-21T01:04:32Z,obsidian-1.1.8.tar.gz,30,93056254
01.01.08-E21,2022-12-21T01:04:32Z,obsidian_1.1.8_amd64.deb,54,69119658
01.01.08-E21,2022-12-21T01:04:32Z,obsidian_1.1.8_amd64.snap,22,107171840
01.01.09,2022-12-23T16:56:44Z,Obsidian-1.1.9-arm64.AppImage,2444,99056074
01.01.09,2022-12-23T16:56:44Z,Obsidian-1.1.9-universal.dmg,211840,162429009
01.01.09,2022-12-23T16:56:44Z,Obsidian-1.1.9.AppImage,57584,98186300
01.01.09,2022-12-23T16:56:44Z,Obsidian.1.1.9-32.exe,4373,68627128
01.01.09,2022-12-23T16:56:44Z,Obsidian.1.1.9-arm64.exe,5571,72690776
01.01.09,2022-12-23T16:56:44Z,Obsidian.1.1.9.exe,437962,72690816
01.01.09,2022-12-23T16:56:44Z,obsidian-1.1.9-arm64.tar.gz,225,93663325
01.01.09,2022-12-23T16:56:44Z,obsidian-1.1.9.asar.gz,305942,5753685
01.01.09,2022-12-23T16:56:44Z,obsidian-1.1.9.tar.gz,3034,93057094
01.01.09,2022-12-23T16:56:44Z,obsidian_1.1.9_amd64.deb,19521,69117910
01.01.09,2022-12-23T16:56:44Z,obsidian_1.1.9_amd64.snap,28516,107171840
01.01.15,2023-02-22T16:05:41Z,Obsidian-1.1.15-arm64.AppImage,638,99044445
01.01.15,2023-02-22T16:05:41Z,Obsidian-1.1.15-universal.dmg,32390,162457807
01.01.15,2023-02-22T16:05:41Z,Obsidian-1.1.15.AppImage,9549,98186108
01.01.15,2023-02-22T16:05:41Z,Obsidian.1.1.15-32.exe,1547,68690184
01.01.15,2023-02-22T16:05:41Z,Obsidian.1.1.15-arm64.exe,1477,72582528
01.01.15,2023-02-22T16:05:41Z,Obsidian.1.1.15.exe,75463,72743952
01.01.15,2023-02-22T16:05:41Z,obsidian-1.1.15-arm64.tar.gz,114,93673624
01.01.15,2023-02-22T16:05:41Z,obsidian-1.1.15.asar.gz,91987,5765357
01.01.15,2023-02-22T16:05:41Z,obsidian-1.1.15.tar.gz,1045,93062934
01.01.15,2023-02-22T16:05:41Z,obsidian_1.1.15_amd64.deb,6823,69099568
01.01.15,2023-02-22T16:05:41Z,obsidian_1.1.15_amd64.snap,3425,107163648
01.01.16,2023-03-02T03:32:11Z,Obsidian-1.1.16-arm64.AppImage,2475,99044953
01.01.16,2023-03-02T03:32:11Z,Obsidian-1.1.16-universal.dmg,206146,162460556
01.01.16,2023-03-02T03:32:11Z,Obsidian-1.1.16.AppImage,53635,98186710
01.01.16,2023-03-02T03:32:11Z,Obsidian.1.1.16-32.exe,7056,68691976
01.01.16,2023-03-02T03:32:11Z,Obsidian.1.1.16-arm64.exe,8004,72584872
01.01.16,2023-03-02T03:32:11Z,Obsidian.1.1.16.exe,453848,72745968
01.01.16,2023-03-02T03:32:11Z,obsidian-1.1.16-arm64.tar.gz,307,93674095
01.01.16,2023-03-02T03:32:11Z,obsidian-1.1.16.asar.gz,328764,5766915
01.01.16,2023-03-02T03:32:11Z,obsidian-1.1.16.tar.gz,4177,93065325
01.01.16,2023-03-02T03:32:11Z,obsidian_1.1.16_amd64.deb,18258,69117356
01.01.16,2023-03-02T03:32:11Z,obsidian_1.1.16_amd64.snap,26702,107163648
01.02.07,2023-05-02T15:55:35Z,Obsidian-1.2.7-arm64.AppImage,391,103792761
01.02.07,2023-05-02T15:55:35Z,Obsidian-1.2.7-universal.dmg,30492,168366745
01.02.07,2023-05-02T15:55:35Z,Obsidian-1.2.7.AppImage,7852,102740058
01.02.07,2023-05-02T15:55:35Z,Obsidian.1.2.7-32.exe,1413,70618352
01.02.07,2023-05-02T15:55:35Z,Obsidian.1.2.7-all-users.exe,545,74895776
01.02.07,2023-05-02T15:55:35Z,Obsidian.1.2.7-arm64.exe,1031,77939344
01.02.07,2023-05-02T15:55:35Z,Obsidian.1.2.7.exe,80030,74920656
01.02.07,2023-05-02T15:55:35Z,obsidian-1.2.7-arm64.tar.gz,63,98111120
01.02.07,2023-05-02T15:55:35Z,obsidian-1.2.7.asar.gz,96013,6032857
01.02.07,2023-05-02T15:55:35Z,obsidian-1.2.7.tar.gz,791,97377386
01.02.07,2023-05-02T15:55:35Z,obsidian_1.2.7_amd64.deb,2223,71758808
01.02.07,2023-05-02T15:55:35Z,obsidian_1.2.7_amd64.snap,2767,111857664
01.02.08,2023-05-09T16:00:05Z,Obsidian-1.2.8-arm64.AppImage,724,103792907
01.02.08,2023-05-09T16:00:05Z,Obsidian-1.2.8-universal.dmg,49160,168357556
01.02.08,2023-05-09T16:00:05Z,Obsidian-1.2.8.AppImage,13787,102744227
01.02.08,2023-05-09T16:00:05Z,Obsidian.1.2.8-32.exe,1641,70618976
01.02.08,2023-05-09T16:00:05Z,Obsidian.1.2.8-arm64.exe,1614,77939312
01.02.08,2023-05-09T16:00:05Z,Obsidian.1.2.8.exe,111391,74920904
01.02.08,2023-05-09T16:00:05Z,obsidian-1.2.8-arm64.tar.gz,103,98111880
01.02.08,2023-05-09T16:00:05Z,obsidian-1.2.8.asar.gz,153137,6033374
01.02.08,2023-05-09T16:00:05Z,obsidian-1.2.8.tar.gz,11170,97378942
01.02.08,2023-05-09T16:00:05Z,obsidian_1.2.8_amd64.deb,3999,71750440
01.02.08,2023-05-09T16:00:05Z,obsidian_1.2.8_amd64.snap,5031,111861760
01.03.03,2023-05-23T15:19:22Z,Obsidian-1.3.3-arm64.AppImage,130,105384305
01.03.03,2023-05-23T15:19:22Z,Obsidian-1.3.3-universal.dmg,14988,169844763
01.03.03,2023-05-23T15:19:22Z,Obsidian-1.3.3.AppImage,1860,104328129
01.03.03,2023-05-23T15:19:22Z,Obsidian.1.3.3-32.exe,714,71555208
01.03.03,2023-05-23T15:19:22Z,Obsidian.1.3.3-arm64.exe,443,78892168
01.03.03,2023-05-23T15:19:22Z,Obsidian.1.3.3.exe,27452,75883616
01.03.03,2023-05-23T15:19:22Z,obsidian-1.3.3-arm64.tar.gz,48,99636763
01.03.03,2023-05-23T15:19:22Z,obsidian-1.3.3.asar.gz,26217,7575965
01.03.03,2023-05-23T15:19:22Z,obsidian-1.3.3.tar.gz,53,98909043
01.03.03,2023-05-23T15:19:22Z,obsidian_1.3.3_amd64.deb,927,72727322
01.03.03,2023-05-23T15:19:22Z,obsidian_1.3.3_amd64.snap,728,113356800
01.03.04,2023-05-24T16:22:51Z,Obsidian-1.3.4-arm64.AppImage,549,105384355
01.03.04,2023-05-24T16:22:51Z,Obsidian-1.3.4-universal.dmg,80456,169873442
01.03.04,2023-05-24T16:22:51Z,Obsidian-1.3.4.AppImage,9545,104328171
01.03.04,2023-05-24T16:22:51Z,Obsidian.1.3.4-32.exe,2003,71557248
01.03.04,2023-05-24T16:22:51Z,Obsidian.1.3.4-arm64.exe,2567,78893912
01.03.04,2023-05-24T16:22:51Z,Obsidian.1.3.4.exe,149029,75873688
01.03.04,2023-05-24T16:22:51Z,obsidian-1.3.4-arm64.tar.gz,84,99642196
01.03.04,2023-05-24T16:22:51Z,obsidian-1.3.4.asar.gz,103899,7579467
01.03.04,2023-05-24T16:22:51Z,obsidian-1.3.4.tar.gz,683,98911410
01.03.04,2023-05-24T16:22:51Z,obsidian_1.3.4_amd64.deb,4171,72733992
01.03.04,2023-05-24T16:22:51Z,obsidian_1.3.4_amd64.snap,3970,113364992
01.03.05,2023-06-01T15:08:47Z,Obsidian-1.3.5-arm64.AppImage,3833,105593794
01.03.05,2023-06-01T15:08:47Z,Obsidian-1.3.5-universal.dmg,356405,170377104
01.03.05,2023-06-01T15:08:47Z,Obsidian-1.3.5.AppImage,69204,104537653
01.03.05,2023-06-01T15:08:47Z,Obsidian.1.3.5-32.exe,7273,71570696
01.03.05,2023-06-01T15:08:47Z,Obsidian.1.3.5-allusers.exe,603,75881528
01.03.05,2023-06-01T15:08:47Z,Obsidian.1.3.5-arm64.exe,4213,78919688
01.03.05,2023-06-01T15:08:47Z,Obsidian.1.3.5.exe,678739,75906648
01.03.05,2023-06-01T15:08:47Z,obsidian-1.3.5-arm64.tar.gz,285,99667056
01.03.05,2023-06-01T15:08:47Z,obsidian-1.3.5.asar.gz,352150,7610287
01.03.05,2023-06-01T15:08:47Z,obsidian-1.3.5.tar.gz,5295,98938181
01.03.05,2023-06-01T15:08:47Z,obsidian_1.3.5_amd64.deb,35292,72916766
01.03.05,2023-06-01T15:08:47Z,obsidian_1.3.5_amd64.snap,12092,113520640
01.03.07,2023-07-31T16:39:37Z,Obsidian-1.3.7-arm64.AppImage,2443,105511312
01.03.07,2023-07-31T16:39:37Z,Obsidian-1.3.7-universal.dmg,150315,170318743
01.03.07,2023-07-31T16:39:37Z,Obsidian-1.3.7.AppImage,38729,104455127
01.03.07,2023-07-31T16:39:37Z,Obsidian.1.3.7-32.exe,3407,71501456
01.03.07,2023-07-31T16:39:37Z,Obsidian.1.3.7-allusers.exe,279,75908144
01.03.07,2023-07-31T16:39:37Z,Obsidian.1.3.7-arm64.exe,2402,78851432
01.03.07,2023-07-31T16:39:37Z,Obsidian.1.3.7.exe,329392,75837952
01.03.07,2023-07-31T16:39:37Z,obsidian-1.3.7-arm64.tar.gz,266,99599694
01.03.07,2023-07-31T16:39:37Z,obsidian-1.3.7.asar.gz,274559,7540911
01.03.07,2023-07-31T16:39:37Z,obsidian-1.3.7.tar.gz,3653,98868914
01.03.07,2023-07-31T16:39:37Z,obsidian_1.3.7_amd64.deb,18039,72884884
01.03.07,2023-07-31T16:39:37Z,obsidian_1.3.7_amd64.snap,6285,113463296
01.04.05,2023-08-31T19:40:23Z,Obsidian-1.4.5-arm64.AppImage,897,106019110
01.04.05,2023-08-31T19:40:23Z,Obsidian-1.4.5-universal.dmg,61031,170607755
01.04.05,2023-08-31T19:40:23Z,Obsidian-1.4.5.AppImage,13974,105275457
01.04.05,2023-08-31T19:40:23Z,Obsidian.1.4.5-32.exe,1719,71771632
01.04.05,2023-08-31T19:40:23Z,Obsidian.1.4.5-allusers.exe,239,76500704
01.04.05,2023-08-31T19:40:23Z,Obsidian.1.4.5-arm64.exe,1424,79113184
01.04.05,2023-08-31T19:40:23Z,Obsidian.1.4.5.exe,138937,76430248
01.04.05,2023-08-31T19:40:23Z,obsidian-1.4.5-arm64.tar.gz,101,100016893
01.04.05,2023-08-31T19:40:23Z,obsidian-1.4.5.asar.gz,143118,8267902
01.04.05,2023-08-31T19:40:23Z,obsidian-1.4.5.tar.gz,1905,99585362
01.04.05,2023-08-31T19:40:23Z,obsidian_1.4.5_amd64.deb,12326,73343042
01.04.05,2023-08-31T19:40:23Z,obsidian_1.4.5_amd64.snap,2459,114503680
01.04.10,2023-09-11T19:36:09Z,Obsidian-1.4.10-arm64.AppImage,34,106146097
01.04.10,2023-09-11T19:36:09Z,Obsidian-1.4.10-universal.dmg,569,170723026
01.04.10,2023-09-11T19:36:09Z,Obsidian-1.4.10.AppImage,129,105406562
01.04.10,2023-09-11T19:36:09Z,Obsidian.1.4.10-32.exe,284,71795536
01.04.10,2023-09-11T19:36:09Z,Obsidian.1.4.10-allusers.exe,29,76524472
01.04.10,2023-09-11T19:36:09Z,Obsidian.1.4.10-arm64.exe,256,79136520
01.04.10,2023-09-11T19:36:09Z,Obsidian.1.4.10.exe,6466,76453912
01.04.10,2023-09-11T19:36:09Z,obsidian-1.4.10-arm64.tar.gz,23,100138007
01.04.10,2023-09-11T19:36:09Z,obsidian-1.4.10.asar.gz,2981,8394463
01.04.10,2023-09-11T19:36:09Z,obsidian-1.4.10.tar.gz,28,99705801
01.04.10,2023-09-11T19:36:09Z,obsidian_1.4.10_amd64.deb,136,73359198
01.04.10,2023-09-11T19:36:09Z,obsidian_1.4.10_amd64.snap,35,114569216
01.04.11,2023-09-11T21:11:03Z,Obsidian-1.4.11-arm64.AppImage,128,106146169
01.04.11,2023-09-11T21:11:03Z,Obsidian-1.4.11-universal.dmg,6769,170722902
01.04.11,2023-09-11T21:11:03Z,Obsidian-1.4.11.AppImage,1207,105406660
01.04.11,2023-09-11T21:11:03Z,Obsidian.1.4.11-32.exe,605,71795368
01.04.11,2023-09-11T21:11:03Z,Obsidian.1.4.11-allusers.exe,98,76524624
01.04.11,2023-09-11T21:11:03Z,Obsidian.1.4.11-arm64.exe,490,79136624
01.04.11,2023-09-11T21:11:03Z,Obsidian.1.4.11.exe,15118,76454744
01.04.11,2023-09-11T21:11:03Z,obsidian-1.4.11-arm64.tar.gz,59,100138401
01.04.11,2023-09-11T21:11:03Z,obsidian-1.4.11.asar.gz,26385,8394463
01.04.11,2023-09-11T21:11:03Z,obsidian-1.4.11.tar.gz,878,99705859
01.04.11,2023-09-11T21:11:03Z,obsidian_1.4.11_amd64.deb,1204,73327870
01.04.11,2023-09-11T21:11:03Z,obsidian_1.4.11_amd64.snap,262,114569216
01.04.12,2023-09-12T16:34:04Z,Obsidian-1.4.12-arm64.AppImage,240,106146201
01.04.12,2023-09-12T16:34:04Z,Obsidian-1.4.12-universal.dmg,19378,170723409
01.04.12,2023-09-12T16:34:04Z,Obsidian-1.4.12.AppImage,4086,105406707
01.04.12,2023-09-12T16:34:04Z,Obsidian.1.4.12-32.exe,896,71795904
01.04.12,2023-09-12T16:34:04Z,Obsidian.1.4.12-allusers.exe,272,76524616
01.04.12,2023-09-12T16:34:04Z,Obsidian.1.4.12-arm64.exe,702,79137272
01.04.12,2023-09-12T16:34:04Z,Obsidian.1.4.12.exe,48147,76454040
01.04.12,2023-09-12T16:34:04Z,obsidian-1.4.12-arm64.tar.gz,50,100138219
01.04.12,2023-09-12T16:34:04Z,obsidian-1.4.12.asar.gz,62184,8394475
01.04.12,2023-09-12T16:34:04Z,obsidian-1.4.12.tar.gz,89,99705946
01.04.12,2023-09-12T16:34:04Z,obsidian_1.4.12_amd64.deb,3923,73340932
01.04.12,2023-09-12T16:34:04Z,obsidian_1.4.12_amd64.snap,686,114569216
01.04.13,2023-09-15T15:54:14Z,Obsidian-1.4.13-arm64.AppImage,999,106142692
01.04.13,2023-09-15T15:54:14Z,Obsidian-1.4.13-universal.dmg,209596,170718316
01.04.13,2023-09-15T15:54:14Z,Obsidian-1.4.13.AppImage,26494,105411110
01.04.13,2023-09-15T15:54:14Z,Obsidian.1.4.13-32.exe,3241,71787840
01.04.13,2023-09-15T15:54:14Z,Obsidian.1.4.13-allusers.exe,1632,76523760
01.04.13,2023-09-15T15:54:14Z,Obsidian.1.4.13-arm64.exe,2660,79132320
01.04.13,2023-09-15T15:54:14Z,Obsidian.1.4.13.exe,352059,76454120
01.04.13,2023-09-15T15:54:14Z,obsidian-1.4.13-arm64.tar.gz,143,100139943
01.04.13,2023-09-15T15:54:14Z,obsidian-1.4.13.asar.gz,155207,8394487
01.04.13,2023-09-15T15:54:14Z,obsidian-1.4.13.tar.gz,2219,99706160
01.04.13,2023-09-15T15:54:14Z,obsidian_1.4.13_amd64.deb,20783,73357626
01.04.13,2023-09-15T15:54:14Z,obsidian_1.4.13_amd64.snap,3672,114577408
01.04.14,2023-09-26T18:33:03Z,Obsidian-1.4.14-arm64.AppImage,1142,106134727
01.04.14,2023-09-26T18:33:03Z,Obsidian-1.4.14-universal.dmg,112540,170716365
01.04.14,2023-09-26T18:33:03Z,Obsidian-1.4.14.AppImage,21968,105403151
01.04.14,2023-09-26T18:33:03Z,Obsidian.1.4.14-32.exe,5154,71786056
01.04.14,2023-09-26T18:33:03Z,Obsidian.1.4.14-allusers.exe,2659,76522424
01.04.14,2023-09-26T18:33:03Z,Obsidian.1.4.14-arm64.exe,2379,79131768
01.04.14,2023-09-26T18:33:03Z,Obsidian.1.4.14.exe,297220,76451680
01.04.14,2023-09-26T18:33:03Z,obsidian-1.4.14-arm64.tar.gz,140,100139051
01.04.14,2023-09-26T18:33:03Z,obsidian-1.4.14.asar.gz,206086,8393737
01.04.14,2023-09-26T18:33:03Z,obsidian-1.4.14.tar.gz,3413,99705283
01.04.14,2023-09-26T18:33:03Z,obsidian_1.4.14_amd64.deb,20742,73334984
01.04.14,2023-09-26T18:33:03Z,obsidian_1.4.14_amd64.snap,3634,114573312
01.04.16,2023-10-13T16:20:39Z,Obsidian-1.4.14-universal.dmg,11114,170716365
01.04.16,2023-10-13T16:20:39Z,Obsidian-1.4.16-arm64.AppImage,6908,106134338
01.04.16,2023-10-13T16:20:39Z,Obsidian-1.4.16-universal.dmg,601451,170716746
01.04.16,2023-10-13T16:20:39Z,Obsidian-1.4.16.AppImage,102520,105406892
01.04.16,2023-10-13T16:20:39Z,Obsidian.1.4.16-32.exe,11845,71786376
01.04.16,2023-10-13T16:20:39Z,Obsidian.1.4.16-allusers.exe,2564,76480232
01.04.16,2023-10-13T16:20:39Z,Obsidian.1.4.16-arm64.exe,10720,79131336
01.04.16,2023-10-13T16:20:39Z,Obsidian.1.4.16.exe,1069656,76452496
01.04.16,2023-10-13T16:20:39Z,obsidian-1.4.16-arm64.tar.gz,621,100139135
01.04.16,2023-10-13T16:20:39Z,obsidian-1.4.16.asar.gz,489398,8394471
01.04.16,2023-10-13T16:20:39Z,obsidian-1.4.16.tar.gz,16015,99705807
01.04.16,2023-10-13T16:20:39Z,obsidian_1.4.16_amd64.deb,99701,73362498
01.04.16,2023-10-13T16:20:39Z,obsidian_1.4.16_amd64.snap,18215,114573312
01.05.03,2023-12-26T02:02:16Z,Obsidian-1.5.3-arm64.AppImage,6218,106265544
01.05.03,2023-12-26T02:02:16Z,Obsidian-1.5.3-universal.dmg,347047,170861787
01.05.03,2023-12-26T02:02:16Z,Obsidian-1.5.3.AppImage,79050,105533955
01.05.03,2023-12-26T02:02:16Z,Obsidian.1.5.3-32.exe,9097,71842344
01.05.03,2023-12-26T02:02:16Z,Obsidian.1.5.3-allusers.exe,3550,76535992
01.05.03,2023-12-26T02:02:16Z,Obsidian.1.5.3-arm64.exe,7667,79187704
01.05.03,2023-12-26T02:02:16Z,Obsidian.1.5.3.exe,752402,76508424
01.05.03,2023-12-26T02:02:16Z,obsidian-1.5.3-arm64.tar.gz,616,100258718
01.05.03,2023-12-26T02:02:16Z,obsidian-1.5.3.asar.gz,513748,8515395
01.05.03,2023-12-26T02:02:16Z,obsidian-1.5.3.tar.gz,7241,99822395
01.05.03,2023-12-26T02:02:16Z,obsidian_1.5.3_amd64.deb,77764,73415050
01.05.03,2023-12-26T02:02:16Z,obsidian_1.5.3_amd64.snap,13734,114704384
01.05.08,2024-02-22T15:14:04Z,Obsidian-1.5.8-arm64.AppImage,3213,113243278
01.05.08,2024-02-22T15:14:04Z,Obsidian-1.5.8-universal.dmg,150928,183909527
01.05.08,2024-02-22T15:14:04Z,Obsidian-1.5.8.AppImage,36535,113144240
01.05.08,2024-02-22T15:14:04Z,Obsidian-1.5.8.apk,11538,13715971
01.05.08,2024-02-22T15:14:04Z,Obsidian.1.5.8-32.exe,3853,72855368
01.05.08,2024-02-22T15:14:04Z,Obsidian.1.5.8-allusers.exe,2708,82484936
01.05.08,2024-02-22T15:14:04Z,Obsidian.1.5.8-arm64.exe,3206,85424464
01.05.08,2024-02-22T15:14:04Z,Obsidian.1.5.8.exe,329801,82457856
01.05.08,2024-02-22T15:14:04Z,obsidian-1.5.8-arm64.tar.gz,571,106789020
01.05.08,2024-02-22T15:14:04Z,obsidian-1.5.8.asar.gz,556856,8652806
01.05.08,2024-02-22T15:14:04Z,obsidian-1.5.8.tar.gz,6350,107058177
01.05.08,2024-02-22T15:14:04Z,obsidian_1.5.8_amd64.deb,36361,78625030
01.05.08,2024-02-22T15:14:04Z,obsidian_1.5.8_amd64.snap,6833,122937344
01.05.11,2024-03-19T15:33:55Z,Obsidian-1.5.11-arm64.AppImage,561,113366188
01.05.11,2024-03-19T15:33:55Z,Obsidian-1.5.11-universal.dmg,29452,184023495
01.05.11,2024-03-19T15:33:55Z,Obsidian-1.5.11.AppImage,5803,113267161
01.05.11,2024-03-19T15:33:55Z,Obsidian-1.5.11.apk,1887,12734199
01.05.11,2024-03-19T15:33:55Z,Obsidian.1.5.11-32.exe,1610,72896216
01.05.11,2024-03-19T15:33:55Z,Obsidian.1.5.11-allusers.exe,676,82517920
01.05.11,2024-03-19T15:33:55Z,Obsidian.1.5.11-arm64.exe,1403,85472384
01.05.11,2024-03-19T15:33:55Z,Obsidian.1.5.11.exe,61758,82489928
01.05.11,2024-03-19T15:33:55Z,obsidian-1.5.11-arm64.tar.gz,221,106911612
01.05.11,2024-03-19T15:33:55Z,obsidian-1.5.11.asar.gz,186326,8781777
01.05.11,2024-03-19T15:33:55Z,obsidian-1.5.11.tar.gz,979,107180896
01.05.11,2024-03-19T15:33:55Z,obsidian_1.5.11_amd64.deb,6138,78667536
01.05.11,2024-03-19T15:33:55Z,obsidian_1.5.11_amd64.snap,1130,123088896